Activity ID,Activity Date,Activity Name,Activity Type,Activity Description,Elapsed Time,Distance,Max Heart Rate,Relative Effort,Commute,Activity Private Note,Activity Gear,Filename,Athlete Weight,Bike Weight,Elapsed Time,Moving Time,Distance,Max Speed,Average Speed,Elevation Gain,Elevation Loss,Elevation Low,Elevation High,Max Grade,Average Grade,Average Positive Grade,Average Negative Grade,Max Cadence,Average Cadence,Max Heart Rate,Average Heart Rate,Max Watts,Average Watts,Calories,Max Temperature,Average Temperature,Relative Effort,Total Work,Number of Runs,Uphill Time,Downhill Time,Other Time,Perceived Exertion,Type,Start Time,Weighted Average Power,Power Count,Prefer Perceived Exertion,Perceived Relative Effort,Commute,Total Weight Lifted,From Upload,Grade Adjusted Distance,Weather Observation Time,Weather Condition,Weather Temperature,Apparent Temperature,Dewpoint,Humidity,Weather Pressure,Wind Speed,Wind Gust,Wind Bearing,Precipitation Intensity,Sunrise Time,Sunset Time,Moon Phase,Bike,Gear,Precipitation Probability,Precipitation Type,Cloud Cover,Weather Visibility,UV Index,Weather Ozone,Jump Count,Total Grit,Average Flow,Flagged,Average Elapsed Speed,Dirt Distance,Newly Explored Distance,Newly Explored Dirt Distance,Activity Count,Total Steps,Carbon Saved,Pool Length,Training Load,Intensity,Average Grade Adjusted Pace,Timer Time,Total Cycles,Recovery,With Pet,Competition,Long Run,For a Cause,Media
14751211025,"Jun 10, 2025, 4:51:06 AM",Chercher le pain,Ride,"",359,1.24,,,false,,Giant violet,activities/14751211025.gpx,,,359.0,263.0,1241.5,8.84,4.721,0.0,0.0,225.2,226.5,2.5,0.0,,,,,,,,,,,,,,,,,,,,,,,0.0,,0.0,,1.0,,1749528064.0,1.0,10.3,10.2,9.4,0.94,1021.2,0.8,1.3,122.0,0.0,1749527296.0,1749583616.0,0.375,16522438.0,,0.0,1.0,0.13,15580.0,0.0,,,,,0.0,3.458,592.1,,,,,,,,,,,,,,,,,""
14751508624,"Jun 10, 2025, 5:42:02 AM",Trajet école,Ride,"",983,2.61,,,false,,Giant violet,activities/14751508624.gpx,,,983.0,897.0,2614.9,7.34,2.915,6.6,3.4,223.6,227.5,7.0,0.1,,,,,,,,,,,,,,,,,,,,,,,0.0,,0.0,,1.0,,1749531648.0,1.0,11.4,13.4,10.0,0.91,1021.3,0.8,1.5,120.0,0.0,1749527296.0,1749583616.0,0.375,16522438.0,,0.0,1.0,0.12,17879.0,0.0,,,,,0.0,2.66,1145.1,,,,,,,,,,,,,,,,,""
14751962791,"Jun 10, 2025, 6:51:28 AM",Sortie scolaire 1,Ride,"",1556,3.42,,,false,,Giant violet,activities/14751962791.gpx,,,1556.0,1236.0,3421.3,4.52,2.768,11.4,9.0,224.4,230.7,3.7,0.0,,,,,,,,,,,,,,,,,,,,,,,0.0,,0.0,,1.0,,1749535232.0,1.0,14.8,18.3,11.4,0.8,1021.0,0.6,1.7,114.0,0.0,1749527296.0,1749583616.0,0.375,16522438.0,,0.0,1.0,0.01,24374.0,1.0,,,,,0.0,2.199,0.0,,,,,,,,,,,,,,,,,""
14752201226,"Jun 10, 2025, 7:37:04 AM",Sortie scolaire 2,Ride,"",1510,3.53,,,false,,Giant violet,activities/14752201226.gpx,,,1510.0,1076.0,3538.3,12.18,3.288,11.4,11.3,224.4,230.7,3.8,0.0,,,,,,,,,,,,,,,,,,,,,,,0.0,,0.0,,1.0,,1749538816.0,1.0,16.9,20.3,13.0,0.78,1021.1,0.9,2.6,89.0,0.0,1749527296.0,1749583616.0,0.375,16522438.0,,0.0,1.0,0.04,18497.0,2.0,,,,,0.0,2.343,0.0,,,,,,,,,,,,,,,,,""
14752592449,"Jun 10, 2025, 8:14:16 AM",Retour école,Ride,"",3608,16.22,,,false,,Giant violet,activities/14752592449.gpx,,,3608.0,3068.0,16219.2,10.2,5.287,72.9,73.7,222.9,244.9,28.2,0.0,,,,,,,,,,,,,,,,,,,,,,,0.0,,0.0,,1.0,,1749542400.0,1.0,19.5,23.1,14.3,0.72,1020.9,0.6,2.7,65.0,0.0,1749527296.0,1749583616.0,0.375,16522438.0,,0.0,1.0,0.0,29656.0,4.0,,,,,0.0,4.495,3942.6,,,,,,,,,,,,,,,,,""
14755647220,"Jun 10, 2025, 2:46:06 PM",Trajet école retour,Ride,"",1143,2.59,,,false,,Giant violet,activities/14755647220.gpx,,,1143.0,863.0,2595.2,6.92,3.007,3.5,6.5,223.6,227.4,2.5,-0.1,,,,,,,,,,,,,,,,,,,,,,,0.0,,0.0,,1.0,,1749564032.0,1.0,27.8,29.5,13.0,0.4,1018.3,1.6,4.2,300.0,0.0,1749527296.0,1749583616.0,0.375,16522438.0,,0.0,1.0,0.23,31777.0,5.0,,,,,0.0,2.271,1139.6,,,,,,,,,,,,,,,,,""
14772941141,"Jun 12, 2025, 4:51:10 AM",Chercher le pain,Ride,"",506,1.24,,,false,,Giant violet,activities/14772941141.gpx,,,506.0,286.0,1239.1,6.58,4.333,0.0,0.0,225.2,226.5,1.9,0.0,,,,,,,,0.0,0.0,,,,,,,,,,,,,,0.0,,0.0,,1.0,,1749700864.0,1.0,15.3,14.0,12.3,0.82,1015.1,2.4,4.7,117.0,0.0,1749700096.0,1749756544.0,0.625,16522438.0,,0.0,1.0,0.36,11668.0,0.0,,,,,0.0,2.449,710.3,,,,,,,,,,,,,,,,,""
14787869797,"Jun 13, 2025, 3:52:36 PM",Pour essayer le vélo de Suzy,Ride,"",466,2.13,,,false,,Giant violet,activities/14787869797.gpx,,,466.0,446.0,2130.0,8.38,4.776,5.5,6.3,224.4,230.9,4.1,0.0,,,,,,,,,0.0,,,,,,,,,,,,,,0.0,,0.0,,1.0,,1749826816.0,1.0,32.5,33.5,16.8,0.39,1016.9,4.1,8.8,203.0,0.0,1749786496.0,1749842944.0,0.625,16522438.0,,0.0,1.0,0.16,30767.0,4.0,,,,,0.0,4.571,651.1,,,,,,,,,,,,,,,,,""
14850916836,"Jun 19, 2025, 2:32:15 PM",Course d'orientation EEVC,Run,"",3404,6.21,,,false,,,activities/14850916836.gpx,,,3404.0,2565.0,6218.2,12.22,2.424,32.5,32.1,185.9,212.4,21.6,0.0,,,,,,,,,,,,,,,,,,,,,,,0.0,,0.0,,1.0,6346.6,,,,,,,,,,,,,,,,,,,,,,,,,,0.0,1.827,4557.9,,,,,,,,,2.487,,,,,,,,""
14897406469,"Jun 24, 2025, 5:49:34 AM",Trajet école,Ride,"",1522,5.48,,,false,,Giant violet,activities/14897406469.gpx,,,1522.0,1361.0,5482.5,9.1,4.028,27.2,26.1,223.4,240.1,5.0,0.0,,,,,,,,,,,,,,,,,,,,,,,0.0,,0.0,,1.0,,1750741248.0,1.0,16.8,18.7,13.3,0.8,1018.6,0.8,1.6,267.0,0.0,1750737024.0,1750793600.0,0.875,16522438.0,,0.0,1.0,0.02,29337.0,0.0,,,,,0.0,3.602,361.2,,,,,,,,,,,,,,,,,""
14897951837,"Jun 24, 2025, 6:54:00 AM",Sortie scolaire,Ride,"",3069,5.83,,,false,,Giant violet,activities/14897951837.gpx,,,3069.0,1893.0,5829.5,8.86,3.08,25.3,25.2,224.4,240.1,5.0,0.0,,,,,,,,,,,,,,,,,,,,,,,0.0,,0.0,,1.0,,1750744832.0,1.0,19.6,22.6,13.9,0.7,1018.8,0.8,2.3,255.0,0.0,1750737024.0,1750793600.0,0.875,16522438.0,,0.0,1.0,0.04,25456.0,1.0,,,,,0.0,1.899,0.0,,,,,,,,,,,,,,,,,""
14898090763,"Jun 24, 2025, 7:49:15 AM",Trajet retour école,Ride,"",1219,5.69,,,false,,Giant violet,activities/14898090763.gpx,,,1219.0,1219.0,5698.4,7.18,4.675,11.6,13.8,222.1,229.4,4.8,0.0,,,,,,,,,,,,,,,,,,,,,,,0.0,,0.0,,1.0,,1750748416.0,1.0,20.8,23.5,13.7,0.64,1018.7,1.1,3.1,297.0,0.0,1750737024.0,1750793472.0,0.875,16522438.0,,0.0,1.0,0.12,28903.0,2.0,,,,,0.0,4.675,3782.3,,,,,,,,,,,,,,,,,""
14901378676,"Jun 24, 2025, 2:15:33 PM",Trajet école aller,Ride,"",903,5.33,,,false,,Giant violet,activities/14901378676.gpx,,,903.0,903.0,5332.3,9.72,5.905,27.1,25.8,223.4,240.1,5.6,0.0,,,,,,,,,,,,,,,,,,,,,,,0.0,,0.0,,1.0,,1750773632.0,2.0,30.9,31.2,13.2,0.34,1015.9,2.3,5.9,317.0,0.0,1750737024.0,1750793600.0,0.875,16522438.0,,0.0,1.0,0.62,33182.0,5.0,,,,,0.0,5.905,230.0,,,,,,,,,,,,,,,,,""
14901756935,"Jun 24, 2025, 2:47:48 PM",Trajet école retour,Ride,"",1701,5.24,,,false,,Giant violet,activities/14901756935.gpx,,,1701.0,1450.0,5248.3,8.76,3.62,25.9,27.2,223.4,240.1,6.8,0.0,,,,,,,,,,,,,,,,,,,,,,,0.0,,0.0,,1.0,,1750773632.0,3.0,30.6,30.6,12.9,0.34,1015.9,2.2,5.4,315.0,0.0,1750737024.0,1750793472.0,0.875,16522438.0,,0.0,1.0,0.75,32242.0,5.0,,,,,0.0,3.085,225.7,,,,,,,,,,,,,,,,,""
14964947706,"Jun 30, 2025, 5:51:06 PM",Pour essayer la flèche jaune,Ride,"",1284,8.87,,,false,,Lapierre Road Racer,activities/14964947706.gpx,,,1284.0,1284.0,8876.0,11.52,6.913,29.8,30.6,223.9,241.6,4.4,0.0,,,,,,,,,,,,,,,,,,,,,,,0.0,,0.0,,1.0,,,,,,,,,,,,,,,,16494791.0,,,,,,,,,,,0.0,6.913,4063.7,,,,,,,,,,,,,,,,,""
14973741442,"Jul 1, 2025, 1:56:36 PM",Aller-retour école extended,Ride,"",3481,11.96,,,false,,Giant violet,activities/14973741442.gpx,,,3481.0,2626.0,11963.8,13.92,4.556,75.0,76.0,222.4,269.6,11.0,0.0,,,,,,,,,,,,,,,,,,,,,,,0.0,,0.0,,1.0,,1751374848.0,1.0,34.3,35.6,17.1,0.36,1015.1,3.2,7.1,317.0,0.0,1751341952.0,1751398272.0,0.125,16522438.0,,0.46,5.0,0.07,33639.0,8.0,,,,,0.0,3.437,6379.0,,,,,,,,,,,,,,,,,""
15194212032,"Jul 22, 2025, 5:17:48 AM",Trajet boulot avec Fab,Ride,"",2215,12.87,,,true,,Lapierre Road Racer,activities/15194212032.gpx,,9.0,2215.0,2215.0,12869.9,13.04,5.81,45.8,68.5,195.1,243.9,5.1,-0.2,,,,,,,,,,,,,,,,,,,,,,,0.0,,1.0,,1.0,,,,,,,,,,,,,,,,16494791.0,,,,,,,,,,,,5.81,173.4,,,,,2.8,,,,,,,,,,,,""
15199066183,"Jul 22, 2025, 2:40:11 PM",Trajet boulot retour,Ride,"",2287,11.90,,,true,,Lapierre Road Racer,activities/15199066183.gpx,,9.0,2287.0,2270.0,11901.9,12.82,5.243,70.8,47.7,195.2,243.9,9.6,0.2,,,,,,,,,,,,,,,,,,,,,,,0.0,,1.0,,1.0,,,,,,,,,,,,,,,,16494791.0,,,,,,,,,,,,5.204,263.3,,,,,2.59,,,,,,,,,,,,""
15217520406,"Jul 24, 2025, 5:11:56 AM",Aller boulot,Ride,"",2867,14.34,,,true,,Lapierre Road Racer,activities/15217520406.gpx,,9.0,2867.0,2836.0,14339.3,14.14,5.056,70.4,95.1,190.6,243.3,7.5,-0.2,,,,,,,,,,,,,,,,,,,,,,,0.0,,1.0,,1.0,,1753333248.0,2.0,15.2,16.1,13.7,0.91,1014.5,1.0,3.1,317.0,0.6,1753330432.0,1753384704.0,0.875,16494791.0,,0.63,5.0,0.52,11216.0,0.0,,,,,,5.001,733.3,,,,,3.12,,,,,,,,,,,,""
15221726028,"Jul 24, 2025, 2:07:33 PM",Retour boulot,Ride,"",2536,13.75,,,true,,Lapierre Road Racer,activities/15221726028.gpx,,9.0,2536.0,2528.0,13755.7,10.9,5.441,78.9,56.2,195.2,243.3,11.0,0.2,,,,,,,,,,,,,,,,,,,,,,,0.0,,1.0,,1.0,,1753365632.0,2.0,24.7,24.9,11.6,0.44,1013.5,2.9,7.3,338.0,0.0,1753330560.0,1753384704.0,0.875,16494791.0,,0.58,5.0,0.38,28599.0,5.0,,,,,,5.424,208.1,,,,,2.99,,,,,,,,,,,,""
15332444540,"Aug 3, 2025, 9:57:41 AM",Sortie famille,Ride,"",21759,43.83,,,false,,Giant violet,activities/15332444540.gpx,,12.0,21759.0,12361.0,43829.7,11.3,3.546,116.9,116.5,202.8,236.2,10.5,0.0,,,,,,,,,,,,,,,,,,,,,,,0.0,,0.0,,1.0,,1754211584.0,3.0,20.1,18.5,12.4,0.61,1020.3,4.1,9.1,333.0,0.0,1754195072.0,1754247808.0,0.375,16522438.0,,0.0,1.0,0.68,30311.0,4.0,,,,,,2.014,8641.0,,,,,0.0,,,,,,,,,,,,""
15349244344,"Aug 5, 2025, 6:48:26 AM",Tour Crémieu,Ride,"",4956,28.15,,,false,,Lapierre Road Racer,activities/15349244344.gpx,,12.0,4956.0,4726.0,28149.9,14.32,5.956,261.4,260.5,216.0,372.6,9.4,0.0,,,,,,,,,,,,,,,,,,,,,,,0.0,,0.0,,1.0,,1754373632.0,1.0,17.9,20.0,14.2,0.79,1019.7,1.1,2.2,107.0,0.0,1754368000.0,1754420480.0,0.375,16494791.0,,0.0,1.0,0.19,28023.0,1.0,,,,,,5.68,10474.8,,,,,0.0,,,,,,,,,,,,""
15354183990,"Aug 5, 2025, 3:14:46 PM",balade cascade de la Roche,Hike,,2184,0.91,,,false,,,activities/16397198852.gpx.gz,,,2184.0,1035.0,917.4,1.799,0.886,29.7,29.5,269.8,300.4,13.7,0.0,,,,,,,,,,,,,,,,,,,,,,,,,0.0,,1.0,,1754406016.0,1.0,29.5,29.6,12.0,0.34,1019.9,5.3,10.7,330.0,0.0,1754368000.0,1754420480.0,0.375,,,0.0,1.0,0.13,32554.0,4.0,,,,,,0.42,917.4,,,,,0.0,,,,,,,,,,,,""
15401558870,"Aug 9, 2025, 11:27:13 AM",Charmant Som,Hike,"",10817,3.28,,,false,,,activities/15401558870.gpx,,,10817.0,3782.0,3280.1,2.66,0.867,218.6,199.1,1666.6,1856.5,48.0,0.0,,,,,,,,,,,,,,,,,,,,,,,0.0,,0.0,,1.0,,1754737152.0,1.0,25.0,27.3,12.6,0.46,1021.7,1.4,4.8,309.0,0.0,1754713856.0,1754765568.0,0.5,,,0.0,1.0,0.0,33229.0,9.0,,,,,,0.303,3253.4,,,,,0.0,,,,,,,,,,,,""
15406944673,"Aug 10, 2025, 6:38:28 AM",Tour Crémieu,Ride,"",5543,32.72,,,false,,Lapierre Road Racer,activities/15406944673.gpx,,12.0,5543.0,5284.0,32721.2,14.22,6.193,279.5,278.6,216.0,364.3,16.8,0.0,,,,,,,,,,,,,,,,,,,,,,,0.0,,0.0,,1.0,,1754805632.0,1.0,20.8,23.1,16.6,0.77,1023.1,1.4,3.6,285.0,0.0,1754800384.0,1754852096.0,0.625,16494791.0,,0.0,1.0,0.0,27893.0,0.0,,,,,,5.903,12602.2,,,,,0.0,,,,,,,,,,,,""
15430843785,"Aug 12, 2025, 9:05:12 AM",Tour Trept Sicard Varezieu,Ride,"",4464,12.16,,,false,,Giant violet,activities/15430843785.gpx,,15.0,4464.0,3685.0,12163.2,9.08,3.301,51.2,51.7,222.0,247.0,7.3,0.0,,,,,,,,,,,,,,,,,,,,,,,0.0,,0.0,,1.0,,1754989184.0,1.0,31.4,34.3,18.7,0.47,1016.7,1.4,4.7,122.0,0.0,1754973312.0,1755024640.0,0.625,16522438.0,,0.0,1.0,0.0,32264.0,5.0,,,,,,2.725,7606.1,,,,,0.0,,,,,,,,,,,,""
15464232039,"Aug 15, 2025, 6:01:43 AM",Tour Crémieu Optevoz Lancin,Ride,"",5937,37.51,,,false,,Lapierre Road Racer,activities/15464232039.gpx,,12.0,5937.0,5789.0,37518.9,13.34,6.481,322.9,321.8,216.0,372.6,10.5,0.0,,,,,,,,,,,,,,,,,,,,,,,0.0,,0.0,,1.0,,1755237632.0,1.0,20.6,23.4,16.7,0.78,1020.4,0.7,1.6,335.0,0.0,1755232768.0,1755283584.0,0.625,16494791.0,,0.51,5.0,0.0,28625.0,0.0,,,,,,6.32,12975.3,,,,,0.0,,,,,,,,,,,,""
15513632208,"Aug 19, 2025, 11:19:19 AM",Sentier du littoral (say hello to Mr Macron),Hike,"",14531,8.40,,,false,,,activities/15513632208.gpx,,,14531.0,8464.0,8406.1,2.36,0.993,125.9,121.1,1.6,30.5,44.6,0.0,,,,,,,,,,,,,,,,,,,,,,,0.0,,0.0,,1.0,,1755601152.0,3.0,28.5,29.0,21.8,0.67,1013.6,2.3,5.7,147.0,0.0,1755578752.0,1755628288.0,0.875,,,0.41,5.0,0.97,27859.0,4.0,,,,,,0.578,5274.3,,,,,0.0,,,,,,,0.0,,,,,""
15565851741,"Aug 24, 2025, 6:02:57 AM",Decrassage de fin de vacances,Ride,"",7100,42.12,,,false,,Lapierre Road Racer,activities/15565851741.gpx,,12.0,7100.0,6094.0,42126.8,12.72,6.913,181.4,181.6,202.4,278.1,9.3,0.0,,,,,,,,,,,,,,,,,,,,,,,0.0,,0.0,,1.0,,,,,,,,,,,,,,,,16494791.0,,,,,,,,,,,,5.933,4176.4,,,,,0.0,,,,,,,,,,,,""
15645231106,"Aug 31, 2025, 6:17:08 AM",Tour Crémieu Optevoz Montalieu,Ride,"",7587,47.46,,,false,Vélo roue voilée à l'arrière,Lapierre Road Racer,activities/15645231106.gpx,,12.0,7587.0,7084.0,47464.1,14.7,6.7,404.6,403.7,216.0,372.6,14.8,0.0,,,,,,,,,,,,,,,,,,,,,,,0.0,,0.0,,1.0,,,,,,,,,,,,,,,,16494791.0,,,,,,,,,,,,6.256,1264.9,,,,,0.0,,,,,,,,,,,,""
15730934360,"Sep 7, 2025, 1:25:01 PM",Balade cascade de Luizet (toujours pas d'eau),Hike,"",8067,5.66,,,false,,,activities/15730934360.gpx,,,8067.0,4987.0,5665.6,2.28,1.136,120.2,121.4,516.0,599.3,21.4,0.0,,,,,,,,,,,,,,,,,,,,,,,0.0,,0.0,,1.0,,,,,,,,,,,,,,,,,,,,,,,,,,,,0.702,5659.4,,,,,0.0,,,,,,,,,,,,""
15818715908,"Sep 15, 2025, 11:48:40 AM",Balade avec Ossian,Ride,"",2663,5.61,,,false,,Giant violet,activities/15818715908.gpx,,15.0,2663.0,2374.0,5616.7,6.02,2.366,16.3,16.8,224.7,235.9,5.7,0.0,,,,,,,,,,,,,,,,,,,,,,,0.0,,0.0,,1.0,,,,,,,,,,,,,,,,16522438.0,,,,,,,,,,,,2.109,3076.8,,,,,0.0,,,,,,,,,,,,""
15876042885,"Sep 20, 2025, 11:55:52 AM",Aller retour Salagnon,Ride,"",4345,9.35,,,true,,Giant violet,activities/15876042885.gpx,,15.0,4345.0,2590.0,9352.8,9.16,3.611,48.6,48.4,223.3,240.3,8.5,0.0,,,,,,,,,,,,,,,,,,,,,,,0.0,,1.0,,1.0,,,,,,,,,,,,,,,,16522438.0,,,,,,,,,,,,2.153,752.2,,,,,2.03,,,,,,,0.0,,,,,""
15878440751,"Sep 20, 2025, 2:49:15 PM",Tour Varezieu,Ride,"",5376,16.18,,,false,,Giant violet,activities/15878440751.gpx,,15.0,5376.0,4160.0,16179.2,12.68,3.889,103.7,104.4,222.4,268.9,10.9,0.0,,,,,,,,,,,,,,,,,,,,,,,0.0,,0.0,,1.0,,,,,,,,,,,,,,,,16522438.0,,,,,,,,,,,,3.01,6801.6,,,,,0.0,,,,,,,,,,,,""
15961135232,"Sep 28, 2025, 6:16:32 AM",Reprise,Ride,"",8573,49.47,,,false,,Lapierre Road Racer,activities/15961135232.gpx,,12.0,8573.0,7191.0,49477.9,12.28,6.881,272.9,272.9,201.5,277.8,10.0,0.0,,,,,,,,,,,,,,,,,,,,,,,0.0,,0.0,,1.0,,,,,,,,,,,,,,,,16494791.0,,,,,,,,,,,,5.771,352.4,,,,,0.0,,,,,,,0.0,,,,,""
15994643024,"Oct 1, 2025, 5:02:12 AM",Boulot aller,Ride,"",2698,15.22,,,true,,Lapierre Road Racer,activities/15994643024.gpx,,12.0,2698.0,2475.0,15221.0,11.32,6.15,45.5,90.4,195.1,244.4,9.3,-0.3,,,,,,,,,,,,,,,,,,,,,,,0.0,,1.0,,1.0,,,,,,,,,,,,,,,,16494791.0,,,,,,,,,,,,5.642,0.0,,,,,3.31,,,,,,,0.0,,,,,""
15999417013,"Oct 1, 2025, 2:44:34 PM",Boulot retour,Ride,"",2517,14.87,,,false,,Lapierre Road Racer,activities/15999417013.gpx,,12.0,2517.0,2437.0,14870.0,14.36,6.102,92.4,47.8,194.8,247.2,12.7,0.3,,,,,,,,,,,,,,,,,,,,,,,0.0,,0.0,,1.0,,,,,,,,,,,,,,,,16494791.0,,,,,,,,,,,,5.908,0.0,,,,,0.0,,,,,,,,,,,,""
16041573280,"Oct 5, 2025, 12:10:44 PM",Tour Morestel Arandon Lancin,Ride,"",2834,20.93,,,false,,Lapierre Road Racer,activities/16041573280.gpx,,12.0,2834.0,2834.0,20932.8,12.62,7.386,143.5,144.9,218.6,271.2,6.9,0.0,,,,,,,,,,,,,,,,,,,,,,,0.0,,0.0,,1.0,,,,,,,,,,,,,,,,16494791.0,,,,,,,,,,,,7.386,148.4,,,,,0.0,,,,,,,,,,,,""
16046529283,"Oct 5, 2025, 1:09:56 PM",Tour avec Ossian,Ride,"",3404,8.91,,,false,,Lapierre Road Racer,activities/17128921806.fit.gz,,12.0,3404.0,3082.0,8909.8,7.28,2.891,30.0,112.0,223.6,241.6,25.0,0.0,,,,,,,,,190.0,,,,,,,,,,,,,,0.0,,0.0,,1.0,,,,,,,,,,,,,,,,16494791.0,,,,,,,,,,,,2.617,4107.0,,,,,0.0,,,,,,,0.0,,,,,""
16059189870,"Oct 7, 2025, 5:05:12 AM",Boulot aller,Ride,"",2478,14.35,,,true,"",Lapierre Road Racer,activities/16059189870.gpx,,12.0,2478.0,2178.0,14350.9,11.9,6.589,57.4,102.0,195.1,244.8,9.8,-0.3,,,,,,,,,,,,,,,,,,,,,,,0.0,,1.0,,1.0,,,,,,,,,,,,,,,,16494791.0,,,,,,,,,,,,5.791,139.0,,,,,3.12,,,,,,,0.0,,,,,""
16064076032,"Oct 7, 2025, 2:40:57 PM",Boulot retour,Ride,"",2485,15.53,,,true,"",Lapierre Road Racer,activities/16064076032.gpx,,12.0,2485.0,2444.0,15533.0,13.5,6.356,102.8,58.3,195.1,245.8,10.1,0.3,,,,,,,,,,,,,,,,,,,,,,,0.0,,1.0,,1.0,,,,,,,,,,,,,,,,16494791.0,,,,,,,,,,,,6.251,45.7,,,,,3.38,,,,,,,0.0,,,,,""
