Reaction Date,Reaction Type,Parent Type,Parent ID
"Jun 9, 2025, 8:25:28 AM",Kudos,Activity,14734145803
"Jun 10, 2025, 5:00:23 AM",Kudos,Activity,14742065715
"Jun 12, 2025, 5:31:19 PM",Kudos,Activity,14770338892
"Jun 15, 2025, 8:42:06 AM",Kudos,Activity,14803378691
"Jun 30, 2025, 10:37:41 AM",Kudos,Activity,14952090555
"Jul 22, 2025, 12:43:18 PM",Kudos,Activity,15194128826
"Jul 28, 2025, 6:13:32 AM",Kudos,Activity,15253462261
"Aug 5, 2025, 4:07:01 PM",Kudos,Activity,15353218606
"Aug 5, 2025, 10:56:47 PM",Kudos,Activity,15354682637
"Aug 13, 2025, 7:33:35 AM",Kudos,Activity,15441496767
"Aug 14, 2025, 8:23:14 AM",Kudos,Activity,15441806586
"Aug 19, 2025, 10:15:26 AM",Kudos,Activity,15496860417
"Aug 31, 2025, 9:46:19 AM",Kudos,Activity,15644447073
